family,is_seed,product_kind,product_id,product_name,quality,spell_id,spell_name,craft_kind,profession,learned_at,difficulty,yield,station,method,recipe_item,reagents,effect
buckle,1,item,967188,Cleric's Belt Buckle,3,968034,Cleric's Belt Buckle,recipe,Blacksmithing,300,300/310/312/315,1,Anvil,,Plans: Cleric's Belt Buckle,1x Plague Iron; 1x Homicite Bar; 3x Blue Sapphire; 5x Living Essence,Use: Permanently adds 8 Spirit to a belt item.
buckle,1,item,967182,Dancing Belt Buckle,3,968028,Dancing Belt Buckle,recipe,Blacksmithing,300,300/310/312/315,1,Anvil,,Plans: Dancing Belt Buckle,1x Wintersteel; 1x Homicite Bar; 3x Huge Emerald; 5x Living Essence,Use: Permanently adds 8 (0.64% @ L55) Dodge Rating to a belt item.
buckle,1,item,967194,Guardman's Belt Buckle,3,968040,Guardman's Belt Buckle,recipe,Blacksmithing,300,300/310/312/315,1,Anvil,,Plans: Guardman's Belt Buckle,1x Ebon Dragonsteel; 1x Homicite Bar; 20x Dense Stone; 5x Living Essence,Use: Permanently adds 10 Block Value to a belt item.
buckle,1,item,967185,Magus Belt Buckle,3,968031,Magus Belt Buckle,recipe,Blacksmithing,300,300/310/312/315,1,Anvil,,Plans: Magus Belt Buckle,1x Wintersteel; 1x Homicite Bar; 3x Large Opal; 5x Essence of Water,Use: Permanently adds 10 Intellect to a belt item.
buckle,1,item,967179,Roguish Belt Buckle,3,968025,Roguish Belt Buckle,recipe,Blacksmithing,300,300/310/312/315,1,Anvil,,Plans: Roguish Belt Buckle,1x Plague Iron; 1x Homicite Bar; 3x Star Ruby; 5x Essence of Air,Use: Permanently adds 6 Agility to a belt item.
buckle,1,item,967191,Warlord's Belt Buckle,3,968037,Warlord's Belt Buckle,recipe,Blacksmithing,300,300/310/312/315,1,Anvil,,Plans: Warlord's Belt Buckle,1x Ebon Dragonsteel; 1x Homicite Bar; 5x Black Diamond; 5x Essence of Fire,Use: Permanently adds 6 Strength to a belt item.
enchant,1,spell,968698,Enchant Weapon - Arcane Artillery,,968698,Enchant Weapon - Arcane Artillery,recipe,Enchanting,300,300/310/312/315,1,,,Recipe: Enchant Weapon - Arcane Artillery,1x Hell Dust; 1x Profane Shard; 5x Large Brilliant Shard; 15x Greater Eternal Essence; 20x Illusion Dust,"Permanently enchant a melee weapon for your spell, ranged and melee attacks to have a chance to increase your Spell Power by 80+1.0 Points Per Level for $968760donds."
enchant,1,spell,968695,Enchant Weapon - Arcane Dexterity,,968695,Enchant Weapon - Arcane Dexterity,recipe,Enchanting,300,300/310/312/315,1,,,Recipe: Enchant Weapon - Arcane Dexterity,1x Item 1303164; 1x Item 1303149; 1x Large Brilliant Shard; 5x Greater Eternal Essence; 10x Illusion Dust,"Permanently enchant a melee weapon for your direct spell damage, ranged and melee attacks to have a chance to increase your Haste Rating by 40+3.0 Points Per Level (1.22% @ L80) for 10 seconds."
enchant,1,spell,968701,Enchant Weapon - Arcane Precision,,968701,Enchant Weapon - Arcane Precision,recipe,Enchanting,300,300/310/312/315,1,,,Recipe: Enchant Weapon - Arcane Precision,1x Item 1303160; 1x Item 1303149; 1x Large Brilliant Shard; 5x Greater Eternal Essence; 10x Illusion Dust,"Permanently enchant a melee weapon for your spell, ranged and melee attacks to have a chance to increase your Critical Strike Rating by 34+2.7 Points Per Level (0.74% @ L80) for 15 seconds."
enchant,1,spell,968770,Enchant Weapon - Brutal Crusader,,968770,Enchant Weapon - Brutal Crusader,recipe,Enchanting,300,300/310/312/315,1,,,Recipe: Enchant Weapon - Brutal Crusader,1x Animated Bone Dust; 1x Profane Shard; 5x Large Brilliant Shard; 15x Greater Eternal Essence; 20x Illusion Dust,Permanently enchant a melee weapon to often heal for 75 to 125 and increase Strength by 110+1.0 Points Per Level for $968767donds when attacking in melee.
enchant,1,spell,968689,Enchant Weapon - Grovewarden's Blessing,,968689,Enchant Weapon - Grovewarden's Blessing,recipe,Enchanting,300,300/310/312/315,1,,,Recipe: Enchant Weapon - Grovewarden's Blessing,1x Essence of Twilight; 1x Profane Shard; 5x Large Brilliant Shard; 15x Greater Eternal Essence; 20x Illusion Dust,Permanently enchant a weapon to have a chance to increase your Spirit by 80+1.0 Points Per Level for $968752donds whenever you cast spells.
enchant,1,spell,968680,Enchant Weapon - Lucid Assault,,968680,Enchant Weapon - Lucid Assault,recipe,Enchanting,300,300/310/312/315,1,,,Recipe: Enchant Weapon - Lucid Assault,1x Item 1303164; 1x Item 1303149; 1x Large Brilliant Shard; 5x Greater Eternal Essence; 10x Illusion Dust,Permanently enchant a melee weapon for your attacks  and spells to have a chance to increase your Attack Power by 36+2.8 Points Per Level and your Spell Power by 18+1.9 Points Per Level for 15 seconds.
enchant,1,spell,968686,Enchant Weapon - Ninja's Focus,,968686,Enchant Weapon - Ninja's Focus,recipe,Enchanting,300,300/310/312/315,1,,,Recipe: Enchant Weapon - Ninja's Focus,1x Essence of Twilight; 1x Profane Shard; 5x Large Brilliant Shard; 15x Greater Eternal Essence; 20x Illusion Dust,"Permanently enchant a melee weapon to have a chance to increase your Agility by 110+1.0 Points Per Level for $968746donds when dealing spell, ranged and melee damage."
enchant,1,spell,968683,Enchant Weapon - Spellbinder's Rage,,968683,Enchant Weapon - Spellbinder's Rage,recipe,Enchanting,300,300/310/312/315,1,,,Recipe: Enchant Weapon - Spellbinder's Rage,1x Animated Bone Dust; 1x Profane Shard; 5x Large Brilliant Shard; 15x Greater Eternal Essence; 20x Illusion Dust,"Permanently enchant a weapon for your spell, ranged and melee attacks have a chance to increase your Intellect by 80+1.0 Points Per Level for $968740donds."
enchant,1,spell,968677,Enchant Weapon - Unstoppable Assault,,968677,Enchant Weapon - Unstoppable Assault,recipe,Enchanting,300,300/310/312/315,1,,,Recipe: Enchant Weapon - Unstoppable Assault,1x Hell Dust; 1x Profane Shard; 5x Large Brilliant Shard; 15x Greater Eternal Essence; 20x Illusion Dust,"Permanently enchant a melee weapon for your spell, ranged and melee attacks to have a chance to increase your Armor Penetration Rating by 30+1.0 Points Per Level (2.14% @ L80) for $968734donds."
enchant,1,spell,968692,Enchant Weapon - Viscious Assault,,968692,Enchant Weapon - Viscious Assault,recipe,Enchanting,300,300/310/312/315,1,,,Recipe: Enchant Weapon - Viscious Assault,1x Item 1303164; 1x Item 1303149; 1x Large Brilliant Shard; 5x Greater Eternal Essence; 10x Illusion Dust,"Permanently enchant a melee weapon to grant your spell, ranged and melee attacks a chance to reduce the cost of your next two abilities by -50+1.0 Points Per Level%. This benefit is only active between level 58 and 60."
flask,1,item,967474,Distilled Flask of Adept Striking,3,968433,Distilled Flask of Adept Striking,recipe,Alchemy,300,300/310/312/315,3,,,Recipe: Distilled Flask of Adept Striking,1x Plague Blossom; 1x Blightroot Extract; 10x Dreamfoil; 2x Essence of Undeath,Use: Increases hit rating by 10 (1.25% @ L60) and attack power by 60 for 2 hr. Counts as both a Battle and Guardian elixir. This effect persists through death.
flask,1,item,967453,Distilled Flask of Butchery,3,968412,Distilled Flask of Butchery,recipe,Alchemy,300,300/310/312/315,3,,,Recipe: Distilled Flask of Butchery,1x Fiery Frond; 1x Blightroot Extract; 10x Plaguebloom; 2x Essence of Earth,Use: Increases Agility by 28 and armor penetration rating by 10 (2.34% @ L60) for 2 hr. Counts as both a Battle and Guardian elixir. This effect persists through death.
flask,1,item,967471,Distilled Flask of Deep Meditation,3,968430,Distilled Flask of Deep Meditation,recipe,Alchemy,300,300/310/312/315,3,,,Recipe: Distilled Flask of Deep Meditation,1x Plague Blossom; 1x Blightroot Extract; 10x Icecap; 2x Essence of Water,Use: Increases spellpower by 53 and MP5 by 36 for 2 hr. Counts as both a Battle and Guardian elixir. This effect persists through death.
flask,1,item,967444,Distilled Flask of Manifesting Power,3,968403,Distilled Flask of Manifesting Power,recipe,Alchemy,300,300/310/312/315,3,,,Recipe: Distilled Flask of Manifesting Power,1x Spectral Rose; 1x Blightroot Extract; 10x Mountain Silversage; 2x Living Essence,Use: Increases Spirit by 17 and spell power by 53 for 2 hr. Counts as both a Battle and Guardian elixir. This effect persists through death.
flask,1,item,967462,Distilled Flask of Savage Assault,3,968421,Distilled Flask of Savage Assault,recipe,Alchemy,300,300/310/312/315,3,,,Recipe: Distilled Flask of Savage Assault,1x Storm Brine; 1x Blightroot Extract; 10x Sungrass; 2x Essence of Air,Use: Increases haste rating by 25 (2.50% @ L60) and attack power by 55 for 2 hr. Counts as both a Battle and Guardian elixir. This effect persists through death.
flask,1,item,967465,Distilled Flask of Shattering Thunder,3,968424,Distilled Flask of Shattering Thunder,recipe,Alchemy,300,300/310/312/315,3,,,Recipe: Distilled Flask of Shattering Thunder,1x Storm Brine; 1x Blightroot Extract; 10x Sungrass; 2x Essence of Air,Use: Increases critical strike rating by 14 (1.00% @ L60) and spell power by 48 for 2 hr. Counts as both a Battle and Guardian elixir. This effect persists through death.
flask,1,item,967459,Distilled Flask of Unrelenting Power,3,968418,Distilled Flask of Unrelenting Power,recipe,Alchemy,300,300/310/312/315,3,,,Recipe: Distilled Flask of Unrelenting Power,1x Fiery Frond; 1x Blightroot Extract; 10x Golden Sansam; 2x Essence of Undeath,Use: Increases haste rating by 10 (1.00% @ L60) and spell power by 48 for 2 hr. Counts as both a Battle and Guardian elixir. This effect persists through death.
flask,1,item,967468,Distilled Flask of the Executioner,3,968427,Distilled Flask of the Executioner,recipe,Alchemy,300,300/310/312/315,3,,,Recipe: Distilled Flask of the Executioner,1x Spectral Rose; 1x Blightroot Extract; 10x Plaguebloom; 2x Essence of Fire,Use: Increases critical strike rating by 14 (1.00% @ L60) and attack power by 60 for 2 hr. Counts as both a Battle and Guardian elixir. This effect persists through death.
flask,1,item,967450,Distilled Flask of the Kirin Tor,3,968409,Distilled Flask of the Kirin Tor,recipe,Alchemy,300,300/310/312/315,3,,,Recipe: Distilled Flask of the Kirin Tor,1x Spectral Rose; 1x Blightroot Extract; 10x Arthas' Tears; 2x Essence of Water,Use: Increases Intellect by 20 and spell power by 50 for 2 hr. Counts as both a Battle and Guardian elixir. This effect persists through death.
flask,1,item,967456,Distilled Flask of the Unyielding,3,968415,Distilled Flask of the Unyielding,recipe,Alchemy,300,300/310/312/315,3,,,Recipe: Distilled Flask of the Unyielding,1x Fiery Frond; 1x Blightroot Extract; 10x Mountain Silversage; 2x Essence of Earth,Use: Increases Stamina by 30 and defense rating by 20 (13.33 @ L60) for 2 hr. Counts as both a Battle and Guardian elixir. This effect persists through death.
flask,1,item,967447,Distilled Flask of the Warsong,3,968406,Distilled Flask of the Warsong,recipe,Alchemy,300,300/310/312/315,3,,,Recipe: Distilled Flask of the Warsong,1x Plague Blossom; 1x Blightroot Extract; 10x Icecap; 2x Essence of Fire,Use: Increases Strength by 20 and armor penetration rating by 10 (2.34% @ L60) for 2 hr. Counts as both a Battle and Guardian elixir. This effect persists through death.
food,1,item,967519,Fused Air Fried Chops,3,968289,Fused Air Fried Chops,recipe,Cooking,300,300/310/312/315,10,Cooking Fire,,Recipe: Fused Air Fried Chops,1x Scorched Silithid Meat; 1x Cured Savage Meat; 2x Mystery Meat,Use: Restores 2148 health over 30 sec.  Must remain seated while eating.  If you spend at least 10 seconds eating you will become well fed and gain 23 Agility. Lasts for 1 hr.
food,1,item,967624,Fused Blackened Roast,3,968394,Fused Blackened Roast,recipe,Cooking,300,300/310/312/315,10,Cooking Fire,,Recipe: Fused Blackened Roast,1x Seared Savage Chimaera Meat; 1x Cured Savage Meat; 2x Mystery Meat,Use: Restores 2148 health over 30 sec.  Must remain seated while eating.  If you spend at least 10 seconds eating you will become well fed and gain 15 Shadow Resistence and 20 Stamina. Lasts for 1 hr
food,1,item,967561,Fused Blazing Stew,3,968331,Fused Blazing Stew,recipe,Cooking,300,300/310/312/315,10,Cooking Fire,,Recipe: Fused Blazing Stew,1x Item 1303476; 1x Item 1303470; 3x Raptor Flesh; 1x Essence of Fire,Use: Restores 2148 health over 30 sec.  Must remain seated while eating.  If you spend at least 10 seconds eating you will become well fed and gain 9 (0.90% @ L45) Spell Critical Rating and 15 Stamina. This effect persists through death and lasts for 1 hr
food,1,item,967630,Fused Bold Duck Stew,3,968400,Fused Bold Duck Stew,recipe,Cooking,300,300/310/312/315,10,Cooking Fire,,Recipe: Fused Bold Duck Stew,1x Shadowcharred Animated Meat; 1x Cured Savage Meat; 2x Turtle Meat,Use: Restores 2148 health over 30 sec.  Must remain seated while eating.  If you spend at least 10 seconds eating you will become well fed and gain 10% Increased Threat Generation and 12 (0.87% @ L60) Dodge Rating. Lasts for 1 hr
food,1,item,967627,Fused Bold Simmered Stew,3,968397,Fused Bold Simmered Stew,recipe,Cooking,300,300/310/312/315,10,Cooking Fire,,Recipe: Fused Bold Simmered Stew,1x Scorched Silithid Meat; 1x Cured Savage Meat; 2x Tender Wolf Meat,Use: Restores 2148 health over 30 sec.  Must remain seated while eating.  If you spend at least 10 seconds eating you will become well fed and gain 10% Increased Threat Generation and 12 (0.87% @ L60) Parry Rating. Lasts for 1 hr
food,1,item,967609,Fused Bold Stew,3,968379,Fused Bold Stew,recipe,Cooking,300,300/310/312/315,10,Cooking Fire,,Recipe: Fused Bold Stew,1x Seared Savage Chimaera Meat; 1x Cured Savage Meat; 2x Sandworm Meat,Use: Restores 2148 health over 30 sec.  Must remain seated while eating.  If you spend at least 10 seconds eating you will become well fed and gain 10% Increased Threat Generation and 20 Stamina. Lasts for 1 hr
food,1,item,967513,Fused Charred Steak,3,968283,Fused Charred Steak,recipe,Cooking,300,300/310/312/315,10,Cooking Fire,,Recipe: Fused Charred Steak,1x Seared Savage Chimaera Meat; 1x Cured Savage Meat; 2x Mystery Meat,Use: Restores 2148 health over 30 sec.  Must remain seated while eating.  If you spend at least 10 seconds eating you will become well fed and gain 23 Strength. Lasts for 1 hr.
food,1,item,967567,Fused Chunky Stew,3,968337,Fused Chunky Stew,recipe,Cooking,300,300/310/312/315,10,Cooking Fire,,Recipe: Fused Chunky Stew,1x Scorched Silithid Meat; 1x Cured Savage Meat; 2x Raptor Flesh,Use: Restores 2148 health over 30 sec.  Must remain seated while eating.  If you spend at least 10 seconds eating you will become well fed and gain 14 Block Value and 15 Stamina. Lasts for 1 hr
food,1,item,967525,Fused Clear-Cut Chops,3,968295,Fused Clear-Cut Chops,recipe,Cooking,300,300/310/312/315,10,Cooking Fire,,Recipe: Fused Clear-Cut Chops,1x Salted Naga Tail; 1x Cured Savage Meat; 2x Raptor Flesh,Use: Restores 2148 health over 30 sec.  Must remain seated while eating.  If you spend at least 10 seconds eating you will become well fed and gain 10 (1.25% @ L60) Hit Rating and 15 Agility. Lasts for 1 hr
food,1,item,967531,Fused Clear-Cut Steak,3,968301,Fused Clear-Cut Steak,recipe,Cooking,300,300/310/312/315,10,Cooking Fire,,Recipe: Fused Clear-Cut Steak,1x Shadowcharred Animated Meat; 1x Cured Savage Meat; 2x Giant Egg,Use: Restores 2148 health over 30 sec.  Must remain seated while eating.  If you spend at least 10 seconds eating you will become well fed and gain 10 (1.25% @ L60) Hit Rating and 15 Strength. Lasts for 1 hr
food,1,item,967528,Fused Clear-Cut Wontons,3,968298,Fused Clear-Cut Wontons,recipe,Cooking,300,300/310/312/315,10,Cooking Fire,,Recipe: Fused Clear-Cut Wontons,1x Seared Savage Chimaera Meat; 1x Cured Savage Meat; 2x Raw Nightfin Snapper,Use: Restores 2148 health over 30 sec.  Must remain seated while eating.  If you spend at least 10 seconds eating you will become well fed and gain 8 (1.00% @ L60) Hit Rating and 18 Intellect. Lasts for 1 hr
food,1,item,967564,Fused Duck Stew,3,968334,Fused Duck Stew,recipe,Cooking,300,300/310/312/315,10,Cooking Fire,,Recipe: Fused Duck Stew,1x Salted Naga Tail; 1x Cured Savage Meat; 2x Mystery Meat,Use: Restores 2148 health over 30 sec.  Must remain seated while eating.  If you spend at least 10 seconds eating you will become well fed and gain 16 (1.16% @ L60) Dodge Rating and 15 Stamina. Lasts for 1 hr
food,1,item,967585,Fused Hearty Air Fried Chops,3,968355,Fused Hearty Air Fried Chops,recipe,Cooking,300,300/310/312/315,10,Cooking Fire,,Recipe: Fused Hearty Air Fried Chops,1x Scorched Silithid Meat; 1x Cured Savage Meat; 2x Tender Wolf Meat,Use: Restores 2148 health over 30 sec.  Must remain seated while eating.  If you spend at least 10 seconds eating you will become well fed and gain 10 Agility and 20 Stamina. Lasts for 1 hr
food,1,item,967588,Fused Hearty Charred Steak,3,968358,Fused Hearty Charred Steak,recipe,Cooking,300,300/310/312/315,10,Cooking Fire,,Recipe: Fused Hearty Charred Steak,1x Salted Naga Tail; 1x Cured Savage Meat; 2x Raw Nightfin Snapper,Use: Restores 2148 health over 30 sec.  Must remain seated while eating.  If you spend at least 10 seconds eating you will become well fed and gain 10 Strength and 20 Stamina. Lasts for 1 hr
food,1,item,967582,Fused Hearty Living Soup,3,968352,Fused Hearty Living Soup,recipe,Cooking,300,300/310/312/315,10,Cooking Fire,,Recipe: Fused Hearty Living Soup,1x Seared Savage Chimaera Meat; 1x Cured Savage Meat; 2x Giant Egg,Use: Restores 2148 health over 30 sec.  Must remain seated while eating.  If you spend at least 10 seconds eating you will become well fed and gain 15 Spirit and 20 Stamina. Lasts for 1 hr
food,1,item,967591,Fused Hearty Steamed Wontons,3,968361,Fused Hearty Steamed Wontons,recipe,Cooking,300,300/310/312/315,10,Cooking Fire,,Recipe: Fused Hearty Steamed Wontons,1x Shadowcharred Animated Meat; 1x Cured Savage Meat; 2x Turtle Meat,Use: Restores 2148 health over 30 sec.  Must remain seated while eating.  If you spend at least 10 seconds eating you will become well fed and gain 20 Intellect and 20 Stamina. Lasts for 1 hr
food,1,item,967579,Fused Heightened Wontons,3,968349,Fused Heightened Wontons,recipe,Cooking,300,300/310/312/315,10,Cooking Fire,,Recipe: Fused Heightened Wontons,1x Item 1303472; 1x Item 1303470; 3x Turtle Meat; 1x Essence of Water,Use: Restores 2148 health over 30 sec.  Must remain seated while eating.  If you spend at least 10 seconds eating you will become well fed and gain 25 Mana per 5 seconds and 200 Mana. This effect persists through death and lasts for 1 hr
food,1,item,967510,Fused Living Soup,3,968280,Fused Living Soup,recipe,Cooking,300,300/310/312/315,10,Cooking Fire,,Recipe: Fused Living Soup,1x Shadowcharred Animated Meat; 1x Cured Savage Meat; 2x Mystery Meat,Use: Restores 2148 health over 30 sec.  Must remain seated while eating.  If you spend at least 10 seconds eating you will become well fed and gain 23 Spirit. Lasts for 1 hr.
food,1,item,967612,Fused Mana Imbued Roast,3,968382,Fused Mana Imbued Roast,recipe,Cooking,300,300/310/312/315,10,Cooking Fire,,Recipe: Fused Mana Imbued Roast,1x Salted Naga Tail; 1x Cured Savage Meat; 2x Mystery Meat,Use: Restores 2148 health over 30 sec.  Must remain seated while eating.  If you spend at least 10 seconds eating you will become well fed and gain 15 Arcane Resistence and 20 Stamina. Lasts for 1 hr
food,1,item,967534,Fused Piercing Chops,3,968304,Fused Piercing Chops,recipe,Cooking,300,300/310/312/315,10,Cooking Fire,,Recipe: Fused Piercing Chops,1x Seared Savage Chimaera Meat; 1x Cured Savage Meat; 2x Chimaerok Tenderloin,Use: Restores 2148 health over 30 sec.  Must remain seated while eating.  If you spend at least 10 seconds eating you will become well fed and gain 8 (1.87% @ L60) Armor Penetration Rating and 8 Agility. Lasts for 1 hr
food,1,item,967537,Fused Piercing Steak,3,968307,Fused Piercing Steak,recipe,Cooking,300,300/310/312/315,10,Cooking Fire,,Recipe: Fused Piercing Steak,1x Salted Naga Tail; 1x Cured Savage Meat; 2x Sandworm Meat,Use: Restores 2148 health over 30 sec.  Must remain seated while eating.  If you spend at least 10 seconds eating you will become well fed and gain 8 (1.87% @ L60) Armor Penetration Rating and 8 Strength. Lasts for 1 hr
food,1,item,967558,Fused Red-Hot Stew,3,968328,Fused Red-Hot Stew,recipe,Cooking,300,300/310/312/315,10,Cooking Fire,,Recipe: Fused Red-Hot Stew,1x Seared Savage Chimaera Meat; 1x Cured Savage Meat; 2x Sandworm Meat,Use: Restores 2148 health over 30 sec.  Must remain seated while eating.  If you spend at least 10 seconds eating you will become well fed and gain 14 (1.00% @ L60) Melee Critical Rating and 14 Stamina. Lasts for 1 hr
food,1,item,967522,Fused Rock's Stew,3,968292,Fused Rock's Stew,recipe,Cooking,300,300/310/312/315,10,Cooking Fire,,Recipe: Fused Rock's Stew,1x Shadowcharred Animated Meat; 1x Cured Savage Meat; 2x Mystery Meat,Use: Restores 2148 health over 30 sec.  Must remain seated while eating.  If you spend at least 10 seconds eating you will become well fed and gain 28 Stamina Lasts for 1 hr.
food,1,item,967549,Fused Savory Chops,3,968319,Fused Savory Chops,recipe,Cooking,300,300/310/312/315,10,Cooking Fire,,Recipe: Fused Savory Chops,1x Item 1303476; 1x Item 1303470; 3x Chimaerok Tenderloin; 2x Essence of Undeath,Use: Restores 2148 health over 30 sec.  Must remain seated while eating.  If you spend at least 10 seconds eating you will become well fed and gain 14 (2.46% @ L45) Hit Rating and 10 Agility. This effect persists through death and lasts for 1 hr
food,1,item,967552,Fused Savory Steak,3,968322,Fused Savory Steak,recipe,Cooking,300,300/310/312/315,10,Cooking Fire,,Recipe: Fused Savory Steak,1x Item 1303476; 1x Item 1303470; 3x Chimaerok Tenderloin; 2x Essence of Undeath,Use: Restores 2148 health over 30 sec.  Must remain seated while eating.  If you spend at least 10 seconds eating you will become well fed and gain 14 (2.46% @ L45) Hit Rating and 10 Strength. This effect persists through death and lasts for 1 hr
food,1,item,967546,Fused Savory Stew,3,968316,Fused Savory Stew,recipe,Cooking,300,300/310/312/315,10,Cooking Fire,,Recipe: Fused Savory Stew,1x Item 1303476; 1x Item 1303470; 3x Mystery Meat; 2x Essence of Undeath,Use: Restores 2148 health over 30 sec.  Must remain seated while eating.  If you spend at least 10 seconds eating you will become well fed and gain 14 (2.46% @ L45) Hit Rating and 10 Stamina. This effect persists through death and lasts for 1 hr
food,1,item,967555,Fused Savory Wontons,3,968325,Fused Savory Wontons,recipe,Cooking,300,300/310/312/315,10,Cooking Fire,,Recipe: Fused Savory Wontons,1x Item 1303476; 1x Item 1303470; 3x Turtle Meat; 1x Essence of Water,Use: Restores 2148 health over 30 sec.  Must remain seated while eating.  If you spend at least 10 seconds eating you will become well fed and gain 14 (2.46% @ L45) Hit Rating and 10 Intellect. This effect persists through death and lasts for 1 hr
food,1,item,967543,Fused Seared Chops,3,968313,Fused Seared Chops,recipe,Cooking,300,300/310/312/315,10,Cooking Fire,,Recipe: Fused Seared Chops,1x Scorched Silithid Meat; 1x Cured Savage Meat; 2x Giant Egg,Use: Restores 2148 health over 30 sec.  Must remain seated while eating.  If you spend at least 10 seconds eating you will become well fed and gain 8 (0.80% @ L60) Haste Rating and 20 Attack Power. Lasts for 1 hr
food,1,item,967540,Fused Seared Wontons,3,968310,Fused Seared Wontons,recipe,Cooking,300,300/310/312/315,10,Cooking Fire,,Recipe: Fused Seared Wontons,1x Scorched Silithid Meat; 1x Cured Savage Meat; 2x Chimaerok Tenderloin,Use: Restores 2148 health over 30 sec.  Must remain seated while eating.  If you spend at least 10 seconds eating you will become well fed and gain 8 (0.80% @ L60) Haste Rating and 8 Spellpower. Lasts for 1 hr
food,1,item,967570,Fused Simmered Stew,3,968340,Fused Simmered Stew,recipe,Cooking,300,300/310/312/315,10,Cooking Fire,,Recipe: Fused Simmered Stew,1x Shadowcharred Animated Meat; 1x Cured Savage Meat; 2x Tender Wolf Meat,Use: Restores 2148 health over 30 sec.  Must remain seated while eating.  If you spend at least 10 seconds eating you will become well fed and gain 12 (0.87% @ L60) Parry Rating and 15 Stamina. Lasts for 1 hr
food,1,item,967615,Fused Sizzling Roast,3,968385,Fused Sizzling Roast,recipe,Cooking,300,300/310/312/315,10,Cooking Fire,,Recipe: Fused Sizzling Roast,1x Shadowcharred Animated Meat; 1x Cured Savage Meat; 2x Mystery Meat,Use: Restores 2148 health over 30 sec.  Must remain seated while eating.  If you spend at least 10 seconds eating you will become well fed and gain 15 Fire Resistence and 20 Stamina. Lasts for 1 hr
food,1,item,967516,Fused Steamed Wontons,3,968286,Fused Steamed Wontons,recipe,Cooking,300,300/310/312/315,10,Cooking Fire,,Recipe: Fused Steamed Wontons,1x Salted Naga Tail; 1x Cured Savage Meat; 2x Mystery Meat,Use: Restores 2148 health over 30 sec.  Must remain seated while eating.  If you spend at least 10 seconds eating you will become well fed and gain 25 Intellect. Lasts for 1 hr.
food,1,item,967597,Fused Subtle Chops,3,968367,Fused Subtle Chops,recipe,Cooking,300,300/310/312/315,10,Cooking Fire,,Recipe: Fused Subtle Chops,1x Seared Savage Chimaera Meat; 1x Cured Savage Meat; 2x Mystery Meat,Use: Restores 2148 health over 30 sec.  Must remain seated while eating.  If you spend at least 10 seconds eating you will become well fed and gain 10% Reduced Threat Generated and 10 Agility. Lasts for 1 hr
food,1,item,967606,Fused Subtle Soup,3,968376,Fused Subtle Soup,recipe,Cooking,300,300/310/312/315,10,Cooking Fire,,Recipe: Fused Subtle Soup,1x Scorched Silithid Meat; 1x Cured Savage Meat; 2x Mystery Meat,Use: Restores 2148 health over 30 sec.  Must remain seated while eating.  If you spend at least 10 seconds eating you will become well fed and gain 10% Reduced Threat Generated and 10 Spirit. Lasts for 1 hr
food,1,item,967600,Fused Subtle Steak,3,968370,Fused Subtle Steak,recipe,Cooking,300,300/310/312/315,10,Cooking Fire,,Recipe: Fused Subtle Steak,1x Scorched Silithid Meat; 1x Cured Savage Meat; 2x Mystery Meat,Use: Restores 2148 health over 30 sec.  Must remain seated while eating.  If you spend at least 10 seconds eating you will become well fed and gain 10% Reduced Threat Generated and 10 Strength. Lasts for 1 hr
food,1,item,967603,Fused Subtle Wontons,3,968373,Fused Subtle Wontons,recipe,Cooking,300,300/310/312/315,10,Cooking Fire,,Recipe: Fused Subtle Wontons,1x Salted Naga Tail; 1x Cured Savage Meat; 2x Mystery Meat,Use: Restores 2148 health over 30 sec.  Must remain seated while eating.  If you spend at least 10 seconds eating you will become well fed and gain 10% Reduced Threat Generated and 15 Intellect. Lasts for 1 hr
food,1,item,967594,Fused Vibrant Chops,3,968364,Fused Vibrant Chops,recipe,Cooking,300,300/310/312/315,10,Cooking Fire,,Recipe: Fused Vibrant Chops,1x Item 1303476; 1x Item 1303470; 3x Raw Nightfin Snapper; 1x Essence of Air,Use: Restores 2148 health over 30 sec.  Must remain seated while eating.  If you spend at least 10 seconds eating you will become well fed and gain 7 Maximum Energy. This effect persists through death and lasts for 1 hr.
food,1,item,967618,Fused Wild Roast,3,968388,Fused Wild Roast,recipe,Cooking,300,300/310/312/315,10,Cooking Fire,,Recipe: Fused Wild Roast,1x Seared Savage Chimaera Meat; 1x Cured Savage Meat; 2x Mystery Meat,Use: Restores 2148 health over 30 sec.  Must remain seated while eating.  If you spend at least 10 seconds eating you will become well fed and gain 15 Nature Resistence and 20 Stamina. Lasts for 1 hr
food,1,item,967621,Fused Winter Roast,3,968391,Fused Winter Roast,recipe,Cooking,300,300/310/312/315,10,Cooking Fire,,Recipe: Fused Winter Roast,1x Shadowcharred Animated Meat; 1x Cured Savage Meat; 2x Mystery Meat,Use: Restores 2148 health over 30 sec.  Must remain seated while eating.  If you spend at least 10 seconds eating you will become well fed and gain 15 Frost Resistence and 20 Stamina. Lasts for 1 hr
food,1,item,967576,Fused Wizard Soup,3,968346,Fused Wizard Soup,recipe,Cooking,300,300/310/312/315,10,Cooking Fire,,Recipe: Fused Wizard Soup,1x Shadowcharred Animated Meat; 1x Cured Savage Meat; 2x Giant Egg,Use: Restores 2148 health over 30 sec.  Must remain seated while eating.  If you spend at least 10 seconds eating you will become well fed and gain 10 Spellpower and 12 Spirit. Lasts for 1 hr
food,1,item,967573,Fused Wizard Wontons,3,968343,Fused Wizard Wontons,recipe,Cooking,300,300/310/312/315,10,Cooking Fire,,Recipe: Fused Wizard Wontons,1x Salted Naga Tail; 1x Cured Savage Meat; 2x Turtle Meat,Use: Restores 2148 health over 30 sec.  Must remain seated while eating.  If you spend at least 10 seconds eating you will become well fed and gain 10 Spellpower and 15 Intellect. Lasts for 1 hr
material,0,item,1303754,Abomination Hook,3,1979724,Refine Abomination Hook,recipe,,,,1,,,,5x Shattered Abomination Hook,Use: Refined into Cleansed Plague Iron at the Blessed Forge. Requires High-Risk.
material,0,item,1303742,Ancient Tear,3,1979710,Refine Ancient Tear,recipe,,,,1,,,,5x Spectral Teardrops,Use: Water an Ancient Elven Grave to cultivate a Spectral Rose. Requires High-Risk.
material,0,item,1303736,Animated Bone,3,1979694,Refine Animated Bone,recipe,,,,1,,,,5x Animated Knuckle Bones,Use: Refined into Animated Bone Dust at the Altar of Bones. Requires High-Risk.
material,0,item,1303709,Animated Bone Dust,3,1979732,Refine Animated Bone Dust,conversion,,,,1,Altar of Bones. Requires High-Risk,Refined into Animated Bone Dust at the Altar of Bones. Requires High-Risk.,,1x Animated Bone,
material,0,item,1303739,Arkkoran Chum,3,1979729,Refine Arkorran Chum,recipe,,,,1,,,,5x Arkoran Guts,Use: Feed to a Carnivorous Clam to collect its Storm Brine. Requires High-Risk.
material,0,item,1303711,Blightroot Extract,3,1979755,Refine Blightroot Exract,conversion,,,,1,Sanguine Workbench,Refined into Blightroot Exract at the Sanguine Workbench,,1x Blightroot,
material,0,item,1303720,Cured Savage Meat,3,1979757,Refine Cured Savage Meat,conversion,,,,1,Sanguine Workbench,Refined into Cured Savage Meat at the Sanguine Workbench,,1x Raw Savage Flesh,
material,0,item,1303753,Drakesteel Scraps,3,1979715,Refine Drakesteel Scraps,recipe,,,,1,,,,5x Impure Drakesteel Scraps,Use: Refined into Ebon Dragonsteel at the Thaurissan War Forge. Requires High-Risk.
material,0,item,1303726,Ebon Dragonsteel,3,1979742,Refine Ebon Dragonsteel,conversion,,,,1,Thaurissan War Forge. Requires High-Risk,Refined into Ebon Dragonsteel at the Thaurissan War Forge. Requires High-Risk.,,1x Drakesteel Scraps,
material,0,item,1303710,Essence of Twilight,3,1979743,Refine Essence of Twilight,conversion,,,,1,Unearthed Ancient Altar. Requires High-Risk,Refined into Essence of Twilight at the Unearthed Ancient Altar. Requires High-Risk.,,1x Void Idol,
material,0,item,1303740,Fatty Blubber,3,1979722,Refine Fatty Blubber,recipe,,,,1,,,,5x Stringy Blubber,Use: Fertilize a Lava Bloom to collect its Fiery Frond. Requires High-Risk.
material,0,item,1303713,Fiery Frond,3,1979747,Refine Lava Frond,conversion,,,,1,,Fertilize a Lava Bloom to collect its Fiery Frond. Requires High-Risk.,,1x Fatty Blubber,
material,0,item,1303755,Frozen Frostmaul Heart,3,1979731,Refine Frozen Frostmaul Heart,recipe,,,,1,,,,5x Broken Frostmaul Heart,Use: Refined into Wintersteel at the Forge of Ice. Requires High-Risk.
material,0,item,1303708,Hell Dust,3,1979746,Refine Hell Dust,conversion,,,,1,Hellish Altar. Requires High-Risk,Refined into Hell Dust at the Hellish Altar. Requires High-Risk.,,1x Hell Effigy,
material,0,item,1303735,Hell Effigy,3,1979720,Refine Hell Effigy,recipe,,,,1,,,,5x Hellish Trinket,Use: Refined into Hell Dust at the Hellish Altar. Requires High-Risk.
material,0,item,1303725,Homicite Bar,3,1979758,Refine Homicite Bar,conversion,,,,1,Sanguine Workbench,Refined into Homicite Bar at the Sanguine Workbench,,1x Homicite Ore,
material,0,item,1303714,Plague Blossom,3,1979749,Refine Plague Blossom,conversion,,,,1,,Feed to a Ravenous Scourgethorn to collect a Plague Blossom. Requires High-Risk.,,1x Scarlet Human Flesh,
material,0,item,1303727,Plague Iron,3,1979748,Refine Plague Iron,conversion,,,,1,Blessed Forge. Requires High-Risk,Refined into Cleansed Plague Iron at the Blessed Forge. Requires High-Risk.,,1x Abomination Hook,
material,0,item,1303707,Profane Shard,3,1979754,Refine Profane Shard,recipe,,,,1,Sanguine Workbench,,,5x Echoes of Blood,
material,0,item,1303750,Raw Animated Meat,3,1979699,Refine Raw Animated Meat,recipe,,,,1,,,,5x Animated Meat Chunks,Use: Refined into Shadowcharred Animated Meat at the Shadowflame Cookfire. Requires High-Risk.
material,0,item,1303749,Raw Naga Tail,3,1979702,Refine Raw Naga Tail,recipe,,,,1,,,,5x Naga Tail Chunks,Use: Refined into Salted Naga Tail at the Altar of the Sea God. Requires High-Risk.
material,0,item,1303748,Raw Savage Chimaera Meat,3,1979704,Refine Raw Savage Chimaera Meat,recipe,,,,1,,,,5x Savage Chimaera Chunks,Use: Refined into Seared Savage Chimaera Meat at the Arcane Firepit. Requires High-Risk.
material,0,item,1303751,Raw Silithid Meat,3,1979708,Refine Raw Silithid Meat,recipe,,,,1,,,,5x Silithid Meat Chunks,Use: Refined into Scorched Silithid Meat at the Elementium Cookfire. Requires High-Risk.
material,0,item,1303722,Salted Naga Tail,3,1979737,Refine Salted Naga Tail,conversion,,,,1,Altar of the Sea God. Requires High-Risk,Refined into Salted Naga Tail at the Altar of the Sea God. Requires High-Risk.,,1x Raw Naga Tail,
material,0,item,1303741,Scarlet Human Flesh,3,1979726,Refine Scarlet Human Flesh,recipe,,,,1,,,,5x Scarlet Human Scraps,Use: Feed to a Ravenous Scourgethorn to collect a Plague Blossom. Requires High-Risk.
material,0,item,1303724,Scorched Silithid Meat,3,1979739,Refine Scorched Silithid Meat,conversion,,,,1,Elementium Cookfire. Requires High-Risk,Refined into Scorched Silithid Meat at the Elementium Cookfire. Requires High-Risk.,,1x Raw Silithid Meat,
material,0,item,1303721,Seared Savage Chimaera Meat,3,1979738,Refine Seared Savage Chimaera Meat,conversion,,,,1,Arcane Firepit. Requires High-Risk,Refined into Seared Savage Chimaera Meat at the Arcane Firepit. Requires High-Risk.,,1x Raw Savage Chimaera Meat,
material,0,item,1303723,Shadowcharred Animated Meat,3,1979736,Refine Shadowcharred Animated Meat,conversion,,,,1,Shadowflame Cookfire. Requires High-Risk,Refined into Shadowcharred Animated Meat at the Shadowflame Cookfire. Requires High-Risk.,,1x Raw Animated Meat,
material,0,item,1303715,Spectral Rose,3,1979740,Refine Dark Rose,conversion,,,,1,,Water an Ancient Elven Grave to cultivate a Spectral Rose. Requires High-Risk.,,1x Ancient Tear,
material,0,item,1303712,Storm Brine,3,1979750,Refine Storm Brine,conversion,,,,1,,Feed to a Carnivorous Clam to collect its Storm Brine. Requires High-Risk.,,1x Arkkoran Chum,
material,0,item,1303737,Void Idol,3,1979716,Refine Void Idol,recipe,,,,1,,,,5x Void Trinket,Use: Refined into Essence of Twilight at the Unearthed Ancient Altar. Requires High-Risk.
material,0,item,1303728,Wintersteel,3,1979752,Refine Wintersteel,conversion,,,,1,Forge of Ice. Requires High-Risk,Refined into Wintersteel at the Forge of Ice. Requires High-Risk.,,1x Frozen Frostmaul Heart,
